S.NO,SECTION,DV,m2,PP,BEEE,FL,FIMS,TOTAL,Total,Percentage,Grade
1.0,ALPHA,12.0,0.0,17.0,9.0,19.0,15.0,482.0,72.0,60.0,D
2.0,ALPHA,19.0,12.0,16.0,16.0,18.0,3.0,564.0,84.0,70.0,C
3.0,ALPHA,18.0,14.0,18.0,18.0,18.0,16.0,686.0,102.0,85.0,B
4.0,ALPHA,15.0,9.0,19.0,17.0,19.0,15.0,634.6666666666666,94.0,78.33333333333333,C
5.0,ALPHA,18.0,17.0,19.0,19.0,20.0,18.0,750.0,111.0,92.5,A
6.0,ALPHA,17.0,16.0,18.0,10.0,15.0,9.0,578.6666666666667,85.0,70.83333333333334,C
7.0,ALPHA,15.0,10.0,20.0,20.0,15.0,14.0,640.6666666666666,94.0,78.33333333333333,C
8.0,ALPHA,17.0,17.0,19.0,20.0,19.0,13.0,716.0,105.0,87.5,B
9.0,ALPHA,10.0,18.0,0.0,20.0,19.0,15.0,182.0,0.0,0.0,F
10.0,ALPHA,18.0,19.0,20.0,20.0,20.0,15.0,766.6666666666665,112.0,93.33333333333331,A
11.0,ALPHA,17.0,18.0,20.0,18.0,20.0,18.0,762.0,111.0,92.5,A
12.0,ALPHA,20.0,20.0,20.0,20.0,19.0,16.0,790.6666666666667,115.0,95.83333333333334,A
13.0,ALPHA,16.0,18.0,11.0,15.0,19.0,15.0,652.6666666666666,94.0,78.33333333333333,C
14.0,ALPHA,17.0,17.0,18.0,11.0,15.0,9.0,608.0,87.0,72.5,C
15.0,ALPHA,19.0,20.0,20.0,20.0,18.0,12.0,756.6666666666665,109.0,90.83333333333331,A
16.0,ALPHA,13.0,18.0,17.0,19.0,16.0,9.0,645.3333333333334,92.0,76.66666666666667,C
17.0,ALPHA,15.0,17.0,18.0,17.0,17.0,13.0,680.6666666666666,97.0,80.83333333333333,B
18.0,ALPHA,11.0,8.0,18.0,15.0,19.0,15.0,609.3333333333334,86.0,71.66666666666667,C
19.0,ALPHA,14.0,12.0,16.0,16.0,20.0,14.0,651.3333333333334,92.0,76.66666666666667,C
20.0,ALPHA,19.0,17.0,20.0,20.0,20.0,18.0,800.0,114.0,95.0,A
21.0,ALPHA,4.0,2.0,5.0,3.0,16.0,9.0,302.0,39.0,32.5,F
22.0,ALPHA,14.0,10.0,19.0,17.0,19.0,17.0,684.0,96.0,80.0,B
23.0,ALPHA,17.0,17.0,20.0,20.0,18.0,13.0,746.0,105.0,87.5,B
24.0,ALPHA,20.0,20.0,20.0,20.0,20.0,18.0,834.6666666666665,118.0,98.33333333333331,A
25.0,ALPHA,15.0,14.0,19.0,4.0,18.0,14.0,610.0,84.0,70.0,C
26.0,ALPHA,6.0,10.0,10.0,11.0,13.0,10.0,452.0,60.0,50.0,F
27.0,ALPHA,17.0,19.0,20.0,20.0,20.0,18.0,814.0,114.0,95.0,A
28.0,ALPHA,5.0,4.0,3.0,12.0,13.0,5.0,336.0,42.0,35.0,F
29.0,ALPHA,19.0,19.0,20.0,19.0,20.0,15.0,804.6666666666665,112.0,93.33333333333331,A
30.0,ALPHA,8.0,2.0,11.0,10.0,13.0,12.0,433.33333333333326,56.0,46.66666666666666,F
31.0,ALPHA,11.0,12.0,11.0,3.0,13.0,6.0,435.33333333333326,56.0,46.66666666666666,F
32.0,ALPHA,12.0,2.0,17.0,11.0,18.0,15.0,564.0,75.0,62.5,D
33.0,ALPHA,17.0,14.0,20.0,17.0,18.0,16.0,746.0,102.0,85.0,B
34.0,ALPHA,14.0,10.0,17.0,12.0,13.0,12.0,588.0,78.0,65.0,D
35.0,ALPHA,17.0,16.0,19.0,17.0,19.0,15.0,756.6666666666666,103.0,85.83333333333333,B
36.0,ALPHA,8.0,13.0,13.0,12.0,14.0,7.0,518.6666666666666,67.0,55.833333333333336,F
37.0,ALPHA,11.0,9.0,8.0,17.0,14.0,12.0,547.3333333333333,71.0,59.16666666666666,F
38.0,ALPHA,15.0,12.0,10.0,19.0,10.0,6.0,556.0,72.0,60.0,D
39.0,ALPHA,19.0,18.0,20.0,19.0,20.0,18.0,838.0,114.0,95.0,A
40.0,ALPHA,20.0,17.0,20.0,19.0,20.0,18.0,840.0,114.0,95.0,A
41.0,ALPHA,18.0,9.0,20.0,19.0,20.0,18.0,775.3333333333334,104.0,86.66666666666667,B
42.0,ALPHA,16.0,19.0,17.0,20.0,20.0,9.0,757.3333333333334,101.0,84.16666666666667,B
43.0,ALPHA,16.0,19.0,19.0,15.0,20.0,17.0,792.6666666666666,106.0,88.33333333333333,B
44.0,ALPHA,11.0,14.0,18.0,12.0,18.0,10.0,641.3333333333334,83.0,69.16666666666667,D
45.0,ALPHA,18.0,13.0,19.0,16.0,15.0,13.0,716.6666666666666,94.0,78.33333333333333,C
46.0,ALPHA,11.0,15.0,20.0,18.0,13.0,15.0,705.3333333333334,92.0,76.66666666666667,C
47.0,ALPHA,14.0,20.0,19.0,20.0,20.0,15.0,814.0,108.0,90.0,A
48.0,ALPHA,16.0,15.0,19.0,19.0,20.0,14.0,782.6666666666666,103.0,85.83333333333333,B
49.0,ALPHA,16.0,10.0,20.0,19.0,13.0,14.0,711.3333333333334,92.0,76.66666666666667,C
50.0,ALPHA,15.0,16.0,8.0,11.0,10.0,13.0,586.6666666666666,73.0,60.83333333333333,D
51.0,ALPHA,1.0,16.0,15.0,13.0,10.0,11.0,542.0,66.0,55.00000000000001,F
52.0,ALPHA,6.0,12.0,10.0,11.0,10.0,3.0,450.6666666666667,52.0,43.333333333333336,F
53.0,ALPHA,17.0,17.0,19.0,12.0,15.0,15.0,739.3333333333333,95.0,79.16666666666666,C
54.0,ALPHA,8.0,13.0,9.0,11.0,10.0,10.0,514.6666666666666,61.0,50.83333333333333,F
55.0,ALPHA,14.0,10.0,19.0,17.0,15.0,13.0,696.6666666666666,88.0,73.33333333333333,C
56.0,ALPHA,15.0,18.0,20.0,18.0,15.0,15.0,785.3333333333334,101.0,84.16666666666667,B
57.0,ALPHA,10.0,17.0,12.0,17.0,10.0,9.0,614.0,75.0,62.5,D
58.0,ALPHA,2.0,2.0,4.0,10.0,10.0,3.0,322.6666666666667,31.0,25.833333333333336,F
59.0,ALPHA,10.0,17.0,11.0,19.0,15.0,10.0,664.6666666666666,82.0,68.33333333333333,D
60.0,ALPHA,19.0,15.0,20.0,18.0,20.0,16.0,840.0,108.0,90.0,A
61.0,ALPHA,19.0,17.0,20.0,15.0,20.0,17.0,842.0,108.0,90.0,A
62.0,ALPHA,8.0,8.0,15.0,9.0,10.0,9.0,517.3333333333333,59.0,49.16666666666666,F
63.0,ALPHA,12.0,10.0,18.0,15.0,10.0,4.0,586.0,69.0,57.49999999999999,F
64.0,ALPHA,11.0,20.0,20.0,19.0,13.0,13.0,768.0,96.0,80.0,B
65.0,ALPHA,12.0,17.0,20.0,17.0,13.0,9.0,716.6666666666666,88.0,73.33333333333333,C
66.0,ALPHA,9.0,13.0,8.0,15.0,10.0,11.0,572.0,66.0,55.00000000000001,F
67.0,ALPHA,12.0,16.0,20.0,20.0,15.0,17.0,800.6666666666667,100.0,83.33333333333334,B
68.0,ALPHA,12.0,6.0,13.0,20.0,15.0,9.0,636.0,75.0,62.5,D
69.0,ALPHA,16.0,20.0,20.0,20.0,20.0,16.0,884.6666666666665,112.0,93.33333333333331,A
70.0,ALPHA,20.0,20.0,20.0,19.0,20.0,18.0,920.0,117.0,97.5,A
71.0,ALPHA,4.0,2.0,16.0,10.0,15.0,9.0,515.3333333333333,56.0,46.66666666666666,F
72.0,ALPHA,17.0,20.0,20.0,20.0,15.0,18.0,877.3333333333333,110.0,91.66666666666666,A
73.0,ALPHA,7.0,0.0,15.0,10.0,18.0,11.0,552.6666666666666,61.0,50.83333333333333,F
74.0,ALPHA,10.0,13.0,12.0,19.0,15.0,12.0,688.0,81.0,67.5,D
75.0,ALPHA,17.0,20.0,20.0,20.0,20.0,17.0,910.0,114.0,95.0,A
76.0,ALPHA,5.0,8.0,7.0,15.0,10.0,2.0,465.33333333333326,47.0,39.16666666666666,F
77.0,ALPHA,17.0,20.0,19.0,20.0,18.0,15.0,880.6666666666665,109.0,90.83333333333331,A
78.0,ALPHA,13.0,20.0,19.0,15.0,15.0,10.0,769.3333333333334,92.0,76.66666666666667,C
79.0,ALPHA,19.0,17.0,20.0,20.0,13.0,15.0,851.3333333333334,104.0,86.66666666666667,B
80.0,ALPHA,19.0,20.0,20.0,19.0,20.0,17.0,926.6666666666669,115.0,95.83333333333334,A
81.0,ALPHA,19.0,17.0,20.0,20.0,20.0,18.0,922.0,114.0,95.0,A
82.0,ALPHA,18.0,15.0,20.0,20.0,20.0,18.0,904.0,111.0,92.5,A
83.0,ALPHA,2.0,0.0,2.0,0.0,0.0,0.0,174.0,0.0,0.0,F
84.0,ALPHA,10.0,15.0,4.0,8.0,15.0,9.0,574.6666666666666,61.0,50.83333333333333,F
85.0,ALPHA,12.0,14.0,20.0,19.0,20.0,18.0,856.6666666666666,103.0,85.83333333333333,B
86.0,ALPHA,3.0,4.0,14.0,13.0,18.0,13.0,605.3333333333333,65.0,54.16666666666666,F
87.0,ALPHA,17.0,18.0,19.0,20.0,20.0,18.0,920.6666666666664,112.0,93.33333333333331,A
88.0,ALPHA,13.0,17.0,14.0,19.0,15.0,17.0,809.3333333333333,95.0,79.16666666666666,C
89.0,ALPHA,2.0,17.0,0.0,3.0,15.0,2.0,438.0,39.0,32.5,F
90.0,ALPHA,10.0,6.0,15.0,10.0,15.0,10.0,620.0,66.0,55.00000000000001,F
91.0,BETA,17.0,19.0,20.0,17.0,20.0,18.0,922.0,111.0,92.5,A
92.0,BETA,14.0,9.0,10.0,11.0,13.0,14.0,657.3333333333333,71.0,59.16666666666666,F
93.0,BETA,11.0,14.0,18.0,14.0,20.0,14.0,792.6666666666666,91.0,75.83333333333333,C
94.0,BETA,14.0,5.0,17.0,3.0,10.0,13.0,601.3333333333334,62.0,51.66666666666667,F
95.0,BETA,12.0,13.0,20.0,9.0,20.0,16.0,790.0,90.0,75.0,C
96.0,BETA,16.0,12.0,12.0,13.0,18.0,11.0,738.6666666666666,82.0,68.33333333333333,D
97.0,BETA,8.0,17.0,3.0,12.0,18.0,9.0,640.6666666666666,67.0,55.833333333333336,F
98.0,BETA,8.0,16.0,14.0,17.0,13.0,13.0,736.0,81.0,67.5,D
99.0,BETA,6.0,7.0,16.0,9.0,13.0,13.0,624.6666666666666,64.0,53.333333333333336,F
100.0,BETA,9.0,11.0,9.0,10.0,13.0,12.0,626.6666666666666,64.0,53.333333333333336,F
101.0,BETA,10.0,10.0,10.0,4.0,15.0,12.0,608.6666666666666,61.0,50.83333333333333,F
102.0,BETA,13.0,12.0,18.0,4.0,18.0,11.0,710.6666666666666,76.0,63.33333333333333,D
103.0,BETA,10.0,12.0,17.0,9.0,0.0,16.0,334.0,0.0,0.0,F
104.0,BETA,11.0,18.0,20.0,15.0,20.0,18.0,888.0,102.0,85.0,B
105.0,BETA,17.0,20.0,19.0,12.0,20.0,18.0,916.6666666666666,106.0,88.33333333333333,B
106.0,BETA,12.0,11.0,18.0,11.0,15.0,17.0,772.0,84.0,70.0,C
107.0,BETA,9.0,13.0,17.0,6.0,18.0,15.0,734.0,78.0,65.0,D
108.0,BETA,11.0,5.0,19.0,9.0,18.0,9.0,689.3333333333333,71.0,59.16666666666666,F
109.0,BETA,10.0,14.0,5.0,3.0,15.0,8.0,584.6666666666666,55.0,45.83333333333333,F
110.0,BETA,13.0,12.0,19.0,4.0,18.0,14.0,753.3333333333333,80.0,66.66666666666666,D
111.0,BETA,8.0,11.0,14.0,3.0,18.0,10.0,648.6666666666666,64.0,53.333333333333336,F
112.0,BETA,10.0,17.0,20.0,4.0,20.0,13.0,784.0,84.0,70.0,C
113.0,BETA,16.0,20.0,18.0,20.0,20.0,17.0,966.0,111.0,92.5,A
114.0,BETA,15.0,17.0,16.0,10.0,15.0,13.0,801.3333333333334,86.0,71.66666666666667,C
115.0,BETA,11.0,14.0,16.0,4.0,18.0,12.0,730.0,75.0,62.5,D
116.0,BETA,20.0,20.0,20.0,20.0,20.0,17.0,1012.0,117.0,97.5,A
117.0,BETA,13.0,20.0,14.0,14.0,18.0,16.0,867.3333333333333,95.0,79.16666666666666,C
118.0,BETA,12.0,19.0,17.0,10.0,15.0,9.0,782.6666666666666,82.0,68.33333333333333,D
119.0,BETA,9.0,9.0,15.0,4.0,15.0,17.0,698.0,69.0,57.49999999999999,F
120.0,BETA,15.0,14.0,19.0,13.0,13.0,12.0,813.3333333333334,86.0,71.66666666666667,C
121.0,BETA,10.0,17.0,14.0,14.0,20.0,18.0,862.0,93.0,77.5,C
122.0,BETA,8.0,11.0,14.0,6.0,15.0,9.0,664.0,63.0,52.5,F
123.0,BETA,10.0,18.0,15.0,9.0,15.0,16.0,799.3333333333334,83.0,69.16666666666667,D
124.0,BETA,13.0,7.0,18.0,11.0,15.0,17.0,788.0,81.0,67.5,D
125.0,BETA,16.0,20.0,16.0,9.0,20.0,15.0,890.0,96.0,80.0,B
126.0,BETA,5.0,16.0,9.0,7.0,18.0,14.0,712.0,69.0,57.49999999999999,F
127.0,BETA,11.0,14.0,12.0,7.0,15.0,17.0,760.6666666666666,76.0,63.33333333333333,D
128.0,BETA,7.0,4.0,12.0,4.0,13.0,11.0,596.0,51.0,42.5,F
129.0,BETA,11.0,13.0,16.0,8.0,19.0,17.0,818.0,84.0,70.0,C
130.0,BETA,17.0,12.0,17.0,17.0,19.0,18.0,926.6666666666669,100.0,83.33333333333334,B
131.0,BETA,16.0,15.0,20.0,18.0,20.0,18.0,975.3333333333331,107.0,89.16666666666667,B
132.0,BETA,17.0,18.0,20.0,12.0,13.0,16.0,904.0,96.0,80.0,B
133.0,BETA,20.0,18.0,20.0,20.0,20.0,18.0,1039.3333333333337,116.0,96.66666666666669,A
134.0,BETA,17.0,20.0,19.0,20.0,20.0,18.0,1028.0,114.0,95.0,A
135.0,BETA,16.0,20.0,20.0,19.0,20.0,16.0,1010.0,111.0,92.5,A
136.0,BETA,9.0,8.0,14.0,11.0,13.0,14.0,732.0,69.0,57.49999999999999,F
137.0,BETA,16.0,17.0,20.0,20.0,20.0,18.0,1014.0,111.0,92.5,A
138.0,BETA,20.0,20.0,20.0,20.0,18.0,18.0,1049.3333333333337,116.0,96.66666666666669,A
139.0,BETA,10.0,11.0,15.0,11.0,18.0,16.0,818.0,81.0,67.5,D
140.0,BETA,5.0,0.0,12.0,4.0,20.0,15.0,653.3333333333333,56.0,46.66666666666666,F
141.0,BETA,11.0,11.0,17.0,8.0,13.0,10.0,748.6666666666666,70.0,58.333333333333336,F
142.0,BETA,12.0,14.0,18.0,15.0,15.0,13.0,864.0,87.0,72.5,C
143.0,BETA,16.0,12.0,17.0,12.0,15.0,14.0,859.3333333333334,86.0,71.66666666666667,C
144.0,BETA,15.0,5.0,16.0,19.0,10.0,15.0,821.3333333333333,80.0,66.66666666666666,D
145.0,BETA,20.0,0.0,17.0,13.0,10.0,9.0,750.0,69.0,57.49999999999999,F
146.0,BETA,10.0,10.0,15.0,11.0,10.0,7.0,712.0,63.0,52.5,F
147.0,BETA,12.0,10.0,14.0,3.0,13.0,15.0,740.6666666666666,67.0,55.833333333333336,F
148.0,BETA,9.0,5.0,6.0,8.0,13.0,4.0,596.0,45.0,37.5,F
149.0,BETA,16.0,8.0,20.0,16.0,20.0,16.0,938.0,96.0,80.0,B
150.0,BETA,13.0,16.0,17.0,7.0,13.0,11.0,813.3333333333334,77.0,64.16666666666667,D
151.0,BETA,16.0,11.0,17.0,18.0,20.0,14.0,942.0,96.0,80.0,B
152.0,BETA,16.0,11.0,19.0,8.0,20.0,16.0,904.0,90.0,75.0,C
153.0,BETA,18.0,17.0,20.0,17.0,20.0,18.0,1039.3333333333333,110.0,91.66666666666666,A
154.0,BETA,16.0,18.0,19.0,16.0,19.0,17.0,1008.0,105.0,87.5,B
155.0,BETA,10.0,9.0,17.0,7.0,15.0,13.0,783.3333333333333,71.0,59.16666666666666,F
156.0,BETA,11.0,5.0,9.0,10.0,10.0,9.0,672.0,54.0,45.0,F
157.0,BETA,15.0,5.0,0.0,0.0,20.0,15.0,424.0,0.0,0.0,F
158.0,BETA,18.0,15.0,20.0,10.0,19.0,16.0,969.3333333333331,98.0,81.66666666666667,B
159.0,BETA,15.0,11.0,20.0,12.0,10.0,16.0,878.0,84.0,70.0,C
160.0,BETA,15.0,15.0,18.0,15.0,19.0,14.0,960.0,96.0,80.0,B
161.0,BETA,7.0,0.0,14.0,5.0,10.0,5.0,595.3333333333334,41.0,34.166666666666664,F
162.0,BETA,20.0,16.0,20.0,16.0,20.0,18.0,1057.3333333333333,110.0,91.66666666666666,A
163.0,BETA,13.0,10.0,20.0,16.0,18.0,14.0,932.6666666666666,91.0,75.83333333333333,C
164.0,BETA,14.0,10.0,20.0,8.0,20.0,12.0,888.0,84.0,70.0,C
165.0,BETA,15.0,10.0,20.0,8.0,10.0,15.0,850.0,78.0,65.0,D
166.0,BETA,16.0,12.0,20.0,11.0,13.0,18.0,932.0,90.0,75.0,C
167.0,BETA,16.0,17.0,20.0,16.0,20.0,16.0,1034.0,105.0,87.5,B
168.0,BETA,17.0,9.0,12.0,9.0,13.0,12.0,816.0,72.0,60.0,D
169.0,BETA,17.0,3.0,12.0,7.0,15.0,14.0,791.3333333333333,68.0,56.66666666666666,F
170.0,BETA,9.0,0.0,9.0,3.0,10.0,11.0,620.0,42.0,35.0,F
171.0,BETA,20.0,19.0,19.0,18.0,15.0,15.0,1048.6666666666667,106.0,88.33333333333333,B
172.0,BETA,10.0,7.0,10.0,8.0,10.0,12.0,724.0,57.0,47.5,F
173.0,BETA,7.0,13.0,19.0,12.0,10.0,9.0,812.6666666666666,70.0,58.333333333333336,F
174.0,BETA,17.0,15.0,18.0,14.0,18.0,18.0,1014.6666666666669,100.0,83.33333333333334,B
175.0,BETA,11.0,4.0,12.0,8.0,15.0,14.0,776.6666666666666,64.0,53.333333333333336,F
176.0,BETA,14.0,3.0,13.0,6.0,15.0,15.0,792.0,66.0,55.00000000000001,F
177.0,BETA,6.0,0.0,13.0,8.0,18.0,14.0,747.3333333333333,59.0,49.16666666666666,F
178.0,BETA,12.0,16.0,17.0,9.0,18.0,13.0,922.6666666666669,85.0,70.83333333333334,C
179.0,BETA,16.0,20.0,20.0,20.0,15.0,16.0,1071.3333333333333,107.0,89.16666666666667,B
180.0,BETA,15.0,9.0,20.0,9.0,13.0,15.0,900.0,81.0,67.5,D
181.0,DELTA,19.0,19.0,19.0,17.0,20.0,20.0,1122.0,114.0,95.0,A
182.0,DELTA,11.0,7.0,14.0,2.0,13.0,17.0,790.6666666666666,64.0,53.333333333333336,F
183.0,DELTA,18.0,19.0,19.0,20.0,20.0,20.0,1139.3333333333337,116.0,96.66666666666669,A
184.0,DELTA,14.0,11.0,15.0,13.0,13.0,15.0,908.0,81.0,67.5,D
185.0,DELTA,10.0,0.0,5.0,5.0,10.0,10.0,636.6666666666666,40.0,33.33333333333333,F
186.0,DELTA,13.0,3.0,9.0,6.0,20.0,15.0,812.0,66.0,55.00000000000001,F
187.0,DELTA,16.0,5.0,14.0,9.0,18.0,19.0,914.0,81.0,67.5,D
188.0,DELTA,8.0,0.0,5.0,3.0,10.0,20.0,682.6666666666666,46.0,38.333333333333336,F
189.0,DELTA,17.0,10.0,15.0,10.0,15.0,20.0,958.0,87.0,72.5,C
190.0,DELTA,18.0,13.0,20.0,13.0,18.0,20.0,1060.0,102.0,85.0,B
191.0,DELTA,5.0,0.0,1.0,1.0,10.0,5.0,528.6666666666666,22.0,18.33333333333333,F
192.0,DELTA,17.0,15.0,19.0,12.0,20.0,20.0,1070.6666666666667,103.0,85.83333333333333,B
193.0,DELTA,12.0,0.0,5.0,6.0,10.0,16.0,712.6666666666666,49.0,40.833333333333336,F
194.0,DELTA,14.0,14.0,9.0,7.0,15.0,17.0,894.6666666666666,76.0,63.33333333333333,D
195.0,DELTA,6.0,0.0,1.0,0.0,10.0,13.0,590.0,30.0,25.0,F
196.0,DELTA,19.0,18.0,18.0,19.0,20.0,18.0,1138.6666666666663,112.0,93.33333333333331,A
197.0,DELTA,14.0,5.0,14.0,5.0,10.0,15.0,814.0,63.0,52.5,F
198.0,DELTA,12.0,3.0,9.0,2.0,15.0,15.0,769.3333333333333,56.0,46.66666666666666,F
199.0,DELTA,20.0,20.0,20.0,20.0,20.0,18.0,1184.6666666666663,118.0,98.33333333333331,A
200.0,DELTA,16.0,14.0,18.0,18.0,15.0,19.0,1066.6666666666667,100.0,83.33333333333334,B
201.0,DELTA,9.0,10.0,9.0,3.0,15.0,16.0,815.3333333333334,62.0,51.66666666666667,F
202.0,DELTA,19.0,18.0,20.0,16.0,19.0,19.0,1144.0,111.0,92.5,A
203.0,DELTA,18.0,17.0,18.0,11.0,20.0,20.0,1099.3333333333333,104.0,86.66666666666667,B
204.0,DELTA,16.0,20.0,15.0,16.0,10.0,18.0,1041.3333333333333,95.0,79.16666666666666,C
205.0,DELTA,18.0,20.0,18.0,14.0,15.0,20.0,1110.0,105.0,87.5,B
206.0,DELTA,9.0,8.0,1.0,1.0,15.0,16.0,745.3333333333334,50.0,41.66666666666667,F
207.0,DELTA,13.0,3.0,12.0,5.0,15.0,19.0,860.6666666666666,67.0,55.833333333333336,F
208.0,DELTA,0.0,0.0,16.0,10.0,20.0,19.0,546.0,0.0,0.0,F
209.0,DELTA,16.0,7.0,14.0,5.0,15.0,17.0,911.3333333333334,74.0,61.66666666666667,D
210.0,DELTA,9.0,6.0,15.0,12.0,15.0,15.0,900.0,72.0,60.0,D
211.0,DELTA,16.0,8.0,16.0,9.0,15.0,18.0,968.6666666666669,82.0,68.33333333333333,D
212.0,DELTA,13.0,11.0,7.0,6.0,13.0,18.0,877.3333333333333,68.0,56.66666666666666,F
213.0,DELTA,13.0,0.0,3.0,2.0,10.0,15.0,712.6666666666666,43.0,35.833333333333336,F
214.0,DELTA,14.0,13.0,5.0,12.0,13.0,20.0,941.3333333333334,77.0,64.16666666666667,D
215.0,DELTA,9.0,3.0,4.0,2.0,10.0,15.0,716.6666666666666,43.0,35.833333333333336,F
216.0,DELTA,18.0,11.0,20.0,14.0,20.0,20.0,1118.6666666666667,103.0,85.83333333333333,B
217.0,DELTA,16.0,8.0,18.0,11.0,13.0,14.0,967.3333333333331,80.0,66.66666666666666,D
218.0,DELTA,15.0,5.0,12.0,9.0,18.0,18.0,949.3333333333331,77.0,64.16666666666667,D
219.0,DELTA,15.0,8.0,17.0,14.0,18.0,19.0,1044.6666666666667,91.0,75.83333333333333,C
220.0,DELTA,17.0,15.0,20.0,17.0,15.0,19.0,1126.6666666666667,103.0,85.83333333333333,B
221.0,DELTA,14.0,16.0,18.0,11.0,20.0,19.0,1095.3333333333333,98.0,81.66666666666667,B
222.0,DELTA,14.0,5.0,13.0,9.0,20.0,18.0,970.6666666666669,79.0,65.83333333333333,D
223.0,DELTA,7.0,10.0,7.0,2.0,10.0,15.0,786.0,51.0,42.5,F
224.0,DELTA,4.0,15.0,4.0,5.0,10.0,14.0,794.6666666666666,52.0,43.333333333333336,F
225.0,DELTA,15.0,3.0,15.0,2.0,13.0,14.0,863.3333333333334,62.0,51.66666666666667,F
226.0,DELTA,16.0,12.0,17.0,8.0,18.0,19.0,1052.0,90.0,75.0,C
227.0,DELTA,16.0,18.0,15.0,16.0,18.0,18.0,1127.3333333333333,101.0,84.16666666666667,B
228.0,DELTA,17.0,15.0,18.0,17.0,20.0,19.0,1162.6666666666667,106.0,88.33333333333333,B
229.0,DELTA,18.0,11.0,19.0,10.0,20.0,20.0,1111.3333333333333,98.0,81.66666666666667,B
230.0,DELTA,20.0,12.0,18.0,17.0,20.0,20.0,1173.3333333333333,107.0,89.16666666666667,B
231.0,DELTA,15.0,3.0,11.0,6.0,10.0,19.0,888.6666666666666,64.0,53.333333333333336,F
232.0,DELTA,11.0,1.0,1.0,2.0,10.0,9.0,690.6666666666666,34.0,28.33333333333333,F
233.0,DELTA,14.0,6.0,12.0,5.0,10.0,17.0,892.6666666666666,64.0,53.333333333333336,F
234.0,DELTA,12.0,3.0,10.0,10.0,10.0,18.0,888.0,63.0,52.5,F
235.0,DELTA,10.0,5.0,13.0,5.0,10.0,18.0,876.6666666666666,61.0,50.83333333333333,F
236.0,DELTA,18.0,17.0,15.0,18.0,19.0,19.0,1178.6666666666667,106.0,88.33333333333333,B
237.0,DELTA,16.0,11.0,16.0,14.0,13.0,19.0,1067.3333333333333,89.0,74.16666666666667,C
238.0,DELTA,18.0,20.0,15.0,19.0,15.0,14.0,1149.3333333333333,101.0,84.16666666666667,B
239.0,DELTA,18.0,20.0,18.0,14.0,20.0,19.0,1204.6666666666663,109.0,90.83333333333331,A
240.0,DELTA,18.0,9.0,8.0,11.0,18.0,18.0,1026.6666666666667,82.0,68.33333333333333,D
241.0,DELTA,6.0,6.0,2.0,3.0,10.0,11.0,735.3333333333334,38.0,31.666666666666664,F
242.0,DELTA,15.0,1.0,18.0,18.0,20.0,19.0,1090.6666666666667,91.0,75.83333333333333,C
243.0,DELTA,18.0,6.0,12.0,8.0,15.0,16.0,986.0,75.0,62.5,D
244.0,DELTA,10.0,0.0,11.0,7.0,15.0,15.0,874.6666666666666,58.0,48.333333333333336,F
245.0,DELTA,0.0,0.0,0.0,0.0,0.0,0.0,490.0,0.0,0.0,F
246.0,DELTA,16.0,20.0,12.0,16.0,10.0,17.0,1098.6666666666667,91.0,75.83333333333333,C
247.0,DELTA,17.0,15.0,15.0,15.0,13.0,16.0,1100.6666666666667,91.0,75.83333333333333,C
248.0,DELTA,15.0,16.0,14.0,5.0,13.0,19.0,1042.6666666666667,82.0,68.33333333333333,D
249.0,DELTA,16.0,6.0,14.0,13.0,13.0,16.0,1018.0,78.0,65.0,D
250.0,DELTA,15.0,6.0,12.0,9.0,15.0,19.0,1006.6666666666669,76.0,63.33333333333333,D
251.0,DELTA,11.0,8.0,9.0,3.0,10.0,17.0,888.6666666666666,58.0,48.333333333333336,F
252.0,DELTA,20.0,20.0,20.0,19.0,20.0,20.0,1297.3333333333337,119.0,99.16666666666669,A
253.0,DELTA,13.0,13.0,14.0,13.0,15.0,19.0,1086.0,87.0,72.5,C
254.0,DELTA,18.0,15.0,19.0,13.0,19.0,20.0,1201.3333333333333,104.0,86.66666666666667,B
255.0,DELTA,12.0,11.0,5.0,1.0,10.0,16.0,876.6666666666666,55.0,45.83333333333333,F
256.0,DELTA,15.0,13.0,9.0,6.0,15.0,0.0,628.0,0.0,0.0,F
257.0,DELTA,20.0,20.0,20.0,17.0,20.0,20.0,1294.0,117.0,97.5,A
258.0,DELTA,10.0,6.0,14.0,4.0,10.0,16.0,916.0,60.0,50.0,F
259.0,DELTA,11.0,6.0,11.0,6.0,10.0,15.0,911.3333333333331,59.0,49.16666666666666,F
260.0,DELTA,14.0,8.0,12.0,13.0,13.0,18.0,1040.0,78.0,65.0,D
261.0,DELTA,8.0,0.0,3.0,0.0,10.0,14.0,592.0,0.0,0.0,F
262.0,DELTA,11.0,1.0,10.0,12.0,10.0,16.0,924.0,60.0,50.0,F
263.0,DELTA,11.0,15.0,9.0,7.0,10.0,15.0,972.6666666666669,67.0,55.833333333333336,F
264.0,DELTA,13.0,2.0,5.0,9.0,10.0,10.0,854.6666666666666,49.0,40.833333333333336,F
265.0,DELTA,17.0,15.0,12.0,16.0,15.0,18.0,1150.0,93.0,77.5,C
266.0,DELTA,11.0,5.0,9.0,10.0,15.0,14.0,958.6666666666666,64.0,53.333333333333336,F
267.0,DELTA,18.0,10.0,17.0,9.0,15.0,17.0,1107.3333333333333,86.0,71.66666666666667,C
268.0,DELTA,18.0,10.0,17.0,6.0,20.0,17.0,1122.6666666666667,88.0,73.33333333333333,C
269.0,DELTA,17.0,17.0,16.0,14.0,19.0,18.0,1211.3333333333333,101.0,84.16666666666667,B
270.0,DELTA,9.0,5.0,5.0,1.0,10.0,11.0,813.3333333333334,41.0,34.166666666666664,F
271.0,EPSILON,15.0,4.0,10.0,12.0,11.0,13.0,975.3333333333331,65.0,54.16666666666666,F
272.0,EPSILON,18.0,9.0,11.0,20.0,17.0,15.0,1144.0,90.0,75.0,C
273.0,EPSILON,13.0,3.0,14.0,7.0,20.0,9.0,986.0,66.0,55.00000000000001,F
274.0,EPSILON,17.0,17.0,14.0,20.0,18.0,17.0,1234.6666666666667,103.0,85.83333333333333,B
275.0,EPSILON,19.0,19.0,11.0,18.0,20.0,19.0,1256.6666666666667,106.0,88.33333333333333,B
276.0,EPSILON,16.0,13.0,11.0,18.0,17.0,13.0,1138.6666666666667,88.0,73.33333333333333,C
277.0,EPSILON,11.0,0.0,5.0,7.0,17.0,14.0,914.0,54.0,45.0,F
278.0,EPSILON,18.0,20.0,13.0,20.0,20.0,18.0,1282.6666666666663,109.0,90.83333333333331,A
279.0,EPSILON,17.0,8.0,11.0,15.0,15.0,12.0,1078.0,78.0,65.0,D
280.0,EPSILON,15.0,4.0,14.0,20.0,19.0,16.0,1146.6666666666667,88.0,73.33333333333333,C
281.0,EPSILON,15.0,3.0,10.0,11.0,13.0,11.0,982.0,63.0,52.5,F
282.0,EPSILON,11.0,6.0,8.0,14.0,12.0,15.0,1004.0,66.0,55.00000000000001,F
283.0,EPSILON,17.0,14.0,8.0,20.0,17.0,16.0,1179.3333333333333,92.0,76.66666666666667,C
284.0,EPSILON,17.0,11.0,10.0,17.0,19.0,15.0,1161.3333333333333,89.0,74.16666666666667,C
285.0,EPSILON,16.0,1.0,6.0,12.0,8.0,8.0,910.0,51.0,42.5,F
286.0,EPSILON,18.0,15.0,13.0,16.0,19.0,16.0,1218.6666666666667,97.0,80.83333333333333,B
287.0,EPSILON,17.0,8.0,14.0,17.0,20.0,16.0,1187.3333333333333,92.0,76.66666666666667,C
288.0,EPSILON,15.0,4.0,4.0,13.0,16.0,13.0,1009.3333333333331,65.0,54.16666666666666,F
289.0,EPSILON,19.0,3.0,12.0,15.0,20.0,13.0,1124.6666666666667,82.0,68.33333333333333,D
290.0,EPSILON,14.0,0.0,5.0,11.0,8.0,11.0,906.6666666666666,49.0,40.833333333333336,F
291.0,EPSILON,17.0,4.0,5.0,9.0,12.0,14.0,988.6666666666669,61.0,50.83333333333333,F
292.0,EPSILON,18.0,10.0,11.0,18.0,20.0,14.0,1190.6666666666667,91.0,75.83333333333333,C
293.0,EPSILON,17.0,0.0,8.0,17.0,11.0,14.0,1032.6666666666667,67.0,55.833333333333336,F
294.0,EPSILON,14.0,9.0,7.0,14.0,16.0,16.0,1094.6666666666667,76.0,63.33333333333333,D
295.0,EPSILON,12.0,2.0,6.0,6.0,6.0,11.0,876.6666666666666,43.0,35.833333333333336,F
296.0,EPSILON,19.0,18.0,12.0,20.0,20.0,19.0,1312.0,108.0,90.0,A
297.0,EPSILON,17.0,12.0,15.0,20.0,20.0,19.0,1280.6666666666667,103.0,85.83333333333333,B
298.0,EPSILON,14.0,3.0,5.0,8.0,13.0,6.0,922.6666666666666,49.0,40.833333333333336,F
299.0,EPSILON,11.0,4.0,5.0,16.0,15.0,13.0,1024.6666666666667,64.0,53.333333333333336,F
300.0,EPSILON,17.0,11.0,12.0,19.0,20.0,17.0,1240.0,96.0,80.0,B
301.0,EPSILON,17.0,3.0,13.0,15.0,12.0,12.0,1082.0,72.0,60.0,D
302.0,EPSILON,17.0,9.0,10.0,14.0,14.0,9.0,1090.6666666666667,73.0,60.83333333333333,D
303.0,EPSILON,19.0,12.0,12.0,20.0,20.0,19.0,1286.0,102.0,85.0,B
304.0,EPSILON,18.0,8.0,9.0,19.0,19.0,13.0,1181.3333333333333,86.0,71.66666666666667,C
305.0,EPSILON,17.0,4.0,10.0,11.0,10.0,11.0,1030.0,63.0,52.5,F
306.0,EPSILON,16.0,16.0,12.0,19.0,9.0,13.0,1178.6666666666667,85.0,70.83333333333334,C
307.0,EPSILON,16.0,16.0,15.0,20.0,20.0,16.0,1300.6666666666667,103.0,85.83333333333333,B
308.0,EPSILON,18.0,20.0,16.0,20.0,20.0,19.0,1369.3333333333337,113.0,94.16666666666669,A
309.0,EPSILON,17.0,13.0,16.0,15.0,14.0,11.0,1191.3333333333333,86.0,71.66666666666667,C
310.0,EPSILON,16.0,18.0,16.0,20.0,19.0,8.0,1266.6666666666667,97.0,80.83333333333333,B
311.0,EPSILON,17.0,4.0,11.0,17.0,17.0,18.0,1182.0,84.0,70.0,C
312.0,EPSILON,13.0,4.0,5.0,11.0,16.0,14.0,1044.0,63.0,52.5,F
313.0,EPSILON,10.0,3.0,6.0,7.0,11.0,8.0,926.0,45.0,37.5,F
314.0,EPSILON,15.0,3.0,6.0,7.0,16.0,8.0,994.6666666666669,55.0,45.83333333333333,F
315.0,EPSILON,15.0,3.0,13.0,11.0,14.0,1.0,1010.0,57.0,47.5,F
316.0,EPSILON,18.0,13.0,15.0,17.0,19.0,16.0,1285.3333333333333,98.0,81.66666666666667,B
317.0,EPSILON,13.0,1.0,2.0,9.0,14.0,12.0,974.0,51.0,42.5,F
318.0,EPSILON,14.0,11.0,10.0,20.0,14.0,17.0,1209.3333333333333,86.0,71.66666666666667,C
319.0,EPSILON,12.0,8.0,2.0,12.0,16.0,3.0,991.3333333333331,53.0,44.16666666666666,F
320.0,EPSILON,17.0,8.0,9.0,15.0,12.0,8.0,1100.0,69.0,57.49999999999999,F
321.0,EPSILON,18.0,15.0,13.0,19.0,20.0,18.0,1328.6666666666667,103.0,85.83333333333333,B
322.0,EPSILON,17.0,9.0,11.0,18.0,19.0,18.0,1257.3333333333333,92.0,76.66666666666667,C
323.0,EPSILON,18.0,0.0,3.0,8.0,17.0,3.0,972.6666666666666,49.0,40.833333333333336,F
324.0,EPSILON,17.0,4.0,6.0,17.0,15.0,11.0,1114.6666666666667,70.0,58.333333333333336,F
325.0,EPSILON,15.0,0.0,5.0,15.0,13.0,13.0,1056.6666666666667,61.0,50.83333333333333,F
326.0,EPSILON,15.0,6.0,9.0,14.0,12.0,16.0,1132.0,72.0,60.0,D
327.0,EPSILON,18.0,8.0,7.0,17.0,20.0,11.0,1194.0,81.0,67.5,D
328.0,EPSILON,16.0,11.0,11.0,19.0,15.0,13.0,1222.6666666666667,85.0,70.83333333333334,C
329.0,EPSILON,13.0,8.0,9.0,18.0,20.0,13.0,1198.0,81.0,67.5,D
330.0,EPSILON,16.0,3.0,11.0,17.0,12.0,15.0,1153.3333333333333,74.0,61.66666666666667,D
331.0,EPSILON,18.0,4.0,9.0,10.0,20.0,15.0,1168.6666666666667,76.0,63.33333333333333,D
332.0,EPSILON,17.0,19.0,16.0,20.0,20.0,18.0,1397.3333333333333,110.0,91.66666666666666,A
333.0,EPSILON,15.0,1.0,2.0,7.0,10.0,2.0,912.6666666666666,37.0,30.833333333333336,F
334.0,EPSILON,17.0,1.0,3.0,3.0,11.0,12.0,981.3333333333331,47.0,39.16666666666666,F
335.0,EPSILON,19.0,2.0,6.0,20.0,17.0,13.0,1183.3333333333333,77.0,64.16666666666667,D
336.0,EPSILON,19.0,6.0,8.0,20.0,18.0,15.0,1245.3333333333333,86.0,71.66666666666667,C
337.0,EPSILON,0.0,0.0,0.0,0.0,0.0,0.0,674.0,0.0,0.0,F
338.0,EPSILON,5.0,0.0,3.0,11.0,7.0,10.0,916.0,36.0,30.0,F
339.0,EPSILON,16.0,3.0,7.0,16.0,20.0,16.0,1198.0,78.0,65.0,D
340.0,EPSILON,17.0,20.0,14.0,20.0,20.0,16.0,1393.3333333333333,107.0,89.16666666666667,B
341.0,EPSILON,15.0,5.0,6.0,14.0,15.0,8.0,1102.0,63.0,52.5,F
342.0,EPSILON,16.0,4.0,12.0,17.0,15.0,11.0,1184.0,75.0,62.5,D
343.0,EPSILON,17.0,3.0,3.0,9.0,16.0,4.0,1032.6666666666667,52.0,43.333333333333336,F
344.0,EPSILON,12.0,1.0,3.0,10.0,16.0,6.0,1008.0,48.0,40.0,F
345.0,EPSILON,19.0,1.0,8.0,19.0,18.0,13.0,1210.0,78.0,65.0,D
346.0,EPSILON,6.0,0.0,1.0,11.0,9.0,4.0,898.6666666666666,31.0,25.833333333333336,F
347.0,EPSILON,19.0,20.0,18.0,20.0,20.0,17.0,1454.0,114.0,95.0,A
348.0,EPSILON,13.0,5.0,6.0,18.0,13.0,5.0,1096.0,60.0,50.0,F
349.0,EPSILON,14.0,3.0,8.0,15.0,18.0,12.0,1164.6666666666667,70.0,58.333333333333336,F
350.0,EPSILON,12.0,3.0,6.0,7.0,15.0,10.0,1053.3333333333333,53.0,44.16666666666666,F
351.0,EPSILON,14.0,0.0,1.0,6.0,6.0,1.0,888.6666666666666,28.0,23.33333333333333,F
352.0,EPSILON,12.0,0.0,4.0,15.0,11.0,9.0,1044.0,51.0,42.5,F
353.0,EPSILON,11.0,0.0,2.0,6.0,16.0,10.0,1006.0,45.0,37.5,F
354.0,EPSILON,16.0,1.0,5.0,15.0,13.0,11.0,1114.6666666666667,61.0,50.83333333333333,F
355.0,EPSILON,11.0,1.0,6.0,16.0,11.0,13.0,1096.6666666666667,58.0,48.333333333333336,F
356.0,EPSILON,12.0,5.0,8.0,16.0,16.0,7.0,1138.6666666666667,64.0,53.333333333333336,F
357.0,EPSILON,16.0,5.0,4.0,15.0,18.0,13.0,1187.3333333333333,71.0,59.16666666666666,F
358.0,EPSILON,9.0,0.0,2.0,3.0,11.0,1.0,889.3333333333334,26.0,21.666666666666668,F
359.0,GAMMA,6.0,0.0,3.0,3.0,10.0,4.0,891.3333333333334,26.0,21.666666666666668,F
360.0,GAMMA,9.0,3.0,3.0,12.0,10.0,5.0,1000.0,42.0,35.0,F
361.0,GAMMA,5.0,3.0,9.0,10.0,10.0,7.0,1015.3333333333331,44.0,36.66666666666666,F
362.0,GAMMA,15.0,8.0,6.0,7.0,15.0,10.0,1130.6666666666667,61.0,50.83333333333333,F
363.0,GAMMA,13.0,9.0,15.0,16.0,20.0,16.0,1319.3333333333333,89.0,74.16666666666667,C
364.0,GAMMA,20.0,12.0,14.0,20.0,20.0,14.0,1394.6666666666667,100.0,83.33333333333334,B
365.0,GAMMA,14.0,1.0,9.0,14.0,10.0,9.0,1110.0,57.0,47.5,F
366.0,GAMMA,18.0,11.0,9.0,20.0,15.0,13.0,1305.3333333333333,86.0,71.66666666666667,C
367.0,GAMMA,16.0,5.0,10.0,20.0,18.0,11.0,1267.3333333333333,80.0,66.66666666666666,D
368.0,GAMMA,19.0,9.0,18.0,17.0,19.0,17.0,1396.0,99.0,82.5,B
369.0,GAMMA,10.0,0.0,4.0,6.0,13.0,9.0,1018.0,42.0,35.0,F
370.0,GAMMA,18.0,15.0,13.0,20.0,15.0,0.0,902.0,0.0,0.0,F
371.0,GAMMA,20.0,17.0,16.0,20.0,20.0,18.0,1482.0,111.0,92.5,A
372.0,GAMMA,13.0,3.0,11.0,15.0,18.0,12.0,1224.0,72.0,60.0,D
373.0,GAMMA,20.0,14.0,18.0,17.0,19.0,15.0,1432.6666666666667,103.0,85.83333333333333,B
374.0,GAMMA,17.0,17.0,15.0,20.0,19.0,13.0,1421.3333333333333,101.0,84.16666666666667,B
375.0,GAMMA,7.0,0.0,3.0,0.0,13.0,8.0,812.0,0.0,0.0,F
376.0,GAMMA,16.0,12.0,16.0,19.0,18.0,15.0,1392.0,96.0,80.0,B
377.0,GAMMA,11.0,3.0,6.0,10.0,15.0,8.0,1107.3333333333333,53.0,44.16666666666666,F
378.0,GAMMA,15.0,3.0,6.0,12.0,13.0,10.0,1149.3333333333333,59.0,49.16666666666666,F
379.0,GAMMA,14.0,9.0,8.0,18.0,13.0,15.0,1271.3333333333333,77.0,64.16666666666667,D
380.0,GAMMA,13.0,10.0,9.0,14.0,20.0,16.0,1306.6666666666667,82.0,68.33333333333333,D
381.0,GAMMA,15.0,7.0,14.0,20.0,18.0,11.0,1328.6666666666667,85.0,70.83333333333334,C
382.0,GAMMA,19.0,19.0,10.0,18.0,18.0,11.0,1397.3333333333333,95.0,79.16666666666666,C
383.0,GAMMA,15.0,14.0,12.0,14.0,15.0,15.0,1332.6666666666667,85.0,70.83333333333334,C
384.0,GAMMA,17.0,11.0,6.0,11.0,15.0,10.0,1234.6666666666667,70.0,58.333333333333336,F
385.0,GAMMA,18.0,10.0,9.0,16.0,15.0,13.0,1310.0,81.0,67.5,D
386.0,GAMMA,13.0,6.0,9.0,11.0,18.0,14.0,1245.3333333333333,71.0,59.16666666666666,F
387.0,GAMMA,12.0,9.0,10.0,18.0,20.0,16.0,1340.6666666666667,85.0,70.83333333333334,C
388.0,GAMMA,19.0,8.0,13.0,19.0,18.0,16.0,1396.0,93.0,77.5,C
389.0,GAMMA,20.0,4.0,16.0,18.0,19.0,14.0,1384.6666666666667,91.0,75.83333333333333,C
390.0,GAMMA,20.0,15.0,14.0,16.0,20.0,12.0,1426.6666666666667,97.0,80.83333333333333,B
391.0,GAMMA,14.0,1.0,6.0,8.0,10.0,9.0,1102.0,48.0,40.0,F
392.0,GAMMA,19.0,16.0,16.0,17.0,15.0,16.0,1444.0,99.0,82.5,B
393.0,GAMMA,16.0,4.0,13.0,17.0,15.0,16.0,1326.0,81.0,67.5,D
394.0,GAMMA,12.0,3.0,2.0,7.0,13.0,9.0,1094.6666666666667,46.0,38.333333333333336,F
395.0,GAMMA,20.0,8.0,0.0,0.0,13.0,13.0,1150.0,54.0,45.0,F
396.0,GAMMA,0.0,0.0,6.0,7.0,13.0,0.0,844.0,0.0,0.0,F
397.0,GAMMA,19.0,8.0,17.0,18.0,13.0,14.0,1387.3333333333333,89.0,74.16666666666667,C
398.0,GAMMA,11.0,4.0,7.0,12.0,13.0,15.0,1209.3333333333333,62.0,51.66666666666667,F
399.0,GAMMA,5.0,3.0,3.0,2.0,10.0,9.0,1011.3333333333331,32.0,26.666666666666668,F
400.0,GAMMA,20.0,18.0,0.0,19.0,18.0,17.0,984.0,0.0,0.0,F
401.0,GAMMA,11.0,1.0,7.0,19.0,15.0,11.0,1228.6666666666667,64.0,53.333333333333336,F
402.0,GAMMA,20.0,20.0,19.0,20.0,18.0,16.0,1557.3333333333337,113.0,94.16666666666669,A
403.0,GAMMA,0.0,0.0,0.0,0.0,0.0,0.0,806.0,0.0,0.0,F
404.0,GAMMA,18.0,17.0,17.0,16.0,18.0,15.0,1481.3333333333333,101.0,84.16666666666667,B
405.0,GAMMA,20.0,17.0,16.0,20.0,20.0,14.0,1523.3333333333333,107.0,89.16666666666667,B
406.0,GAMMA,18.0,18.0,17.0,19.0,15.0,15.0,1492.0,102.0,85.0,B
407.0,GAMMA,7.0,2.0,2.0,6.0,10.0,7.0,1040.6666666666667,34.0,28.33333333333333,F
408.0,GAMMA,11.0,5.0,9.0,13.0,13.0,15.0,1256.0,66.0,55.00000000000001,F
409.0,GAMMA,13.0,8.0,11.0,17.0,13.0,16.0,1338.0,78.0,65.0,D
410.0,GAMMA,14.0,18.0,13.0,17.0,18.0,15.0,1453.3333333333333,95.0,79.16666666666666,C
411.0,GAMMA,18.0,15.0,15.0,20.0,15.0,17.0,1488.6666666666667,100.0,83.33333333333334,B
412.0,GAMMA,19.0,5.0,11.0,20.0,18.0,14.0,1404.0,87.0,72.5,C
413.0,GAMMA,8.0,0.0,2.0,6.0,15.0,8.0,1086.0,39.0,32.5,F
414.0,GAMMA,14.0,7.0,12.0,17.0,18.0,14.0,1374.6666666666667,82.0,68.33333333333333,D
415.0,GAMMA,0.0,0.0,0.0,0.0,0.0,0.0,830.0,0.0,0.0,F
416.0,GAMMA,16.0,14.0,11.0,18.0,15.0,5.0,1358.6666666666667,79.0,65.83333333333333,D
417.0,GAMMA,19.0,10.0,17.0,17.0,18.0,12.0,1454.0,93.0,77.5,C
418.0,GAMMA,18.0,12.0,15.0,12.0,18.0,9.0,1396.0,84.0,70.0,C
419.0,GAMMA,18.0,13.0,17.0,15.0,15.0,15.0,1458.0,93.0,77.5,C
420.0,GAMMA,16.0,3.0,12.0,18.0,19.0,15.0,1393.3333333333333,83.0,69.16666666666667,D
421.0,GAMMA,15.0,12.0,17.0,17.0,19.0,15.0,1475.3333333333333,95.0,79.16666666666666,C
422.0,GAMMA,17.0,15.0,17.0,20.0,18.0,17.0,1537.3333333333333,104.0,86.66666666666667,B
423.0,GAMMA,10.0,12.0,1.0,8.0,15.0,3.0,1172.6666666666667,49.0,40.833333333333336,F
424.0,GAMMA,19.0,17.0,17.0,19.0,20.0,17.0,1574.6666666666663,109.0,90.83333333333331,A
425.0,GAMMA,15.0,3.0,12.0,10.0,18.0,14.0,1330.0,72.0,60.0,D
426.0,GAMMA,11.0,15.0,11.0,19.0,15.0,8.0,1378.6666666666667,79.0,65.83333333333333,D
427.0,GAMMA,18.0,11.0,18.0,18.0,15.0,12.0,1467.3333333333333,92.0,76.66666666666667,C
428.0,GAMMA,2.0,5.0,1.0,2.0,10.0,6.0,1029.3333333333333,26.0,21.666666666666668,F
429.0,GAMMA,12.0,0.0,6.0,4.0,10.0,9.0,1131.3333333333333,41.0,34.166666666666664,F
430.0,GAMMA,18.0,6.0,10.0,20.0,19.0,17.0,1460.0,90.0,75.0,C
431.0,GAMMA,16.0,11.0,7.0,17.0,13.0,14.0,1382.0,78.0,65.0,D
432.0,GAMMA,20.0,20.0,19.0,20.0,20.0,18.0,1644.0,117.0,97.5,A
433.0,GAMMA,20.0,20.0,19.0,20.0,20.0,18.0,1646.0,117.0,97.5,A
434.0,GAMMA,20.0,20.0,19.0,20.0,18.0,15.0,1614.6666666666663,112.0,93.33333333333331,A
435.0,GAMMA,17.0,10.0,15.0,19.0,18.0,16.0,1503.3333333333333,95.0,79.16666666666666,C
436.0,GAMMA,18.0,10.0,14.0,20.0,20.0,18.0,1538.6666666666667,100.0,83.33333333333334,B
437.0,GAMMA,18.0,12.0,12.0,20.0,15.0,18.0,1507.3333333333333,95.0,79.16666666666666,C
438.0,GAMMA,13.0,5.0,9.0,18.0,15.0,17.0,1389.3333333333333,77.0,64.16666666666667,D
439.0,GAMMA,15.0,11.0,11.0,19.0,15.0,15.0,1451.3333333333333,86.0,71.66666666666667,C
440.0,GAMMA,13.0,15.0,15.0,17.0,15.0,16.0,1486.6666666666667,91.0,75.83333333333333,C
441.0,GAMMA,20.0,20.0,20.0,20.0,20.0,18.0,1668.6666666666663,118.0,98.33333333333331,A
442.0,GAMMA,10.0,0.0,4.0,9.0,15.0,13.0,1224.0,51.0,42.5,F
443.0,GAMMA,19.0,13.0,16.0,18.0,18.0,14.0,1539.3333333333333,98.0,81.66666666666667,B
444.0,GAMMA,12.0,5.0,1.0,20.0,10.0,0.0,1208.0,48.0,40.0,F
445.0,GAMMA,20.0,20.0,20.0,20.0,18.0,18.0,1663.3333333333337,116.0,96.66666666666669,A
446.0,GAMMA,15.0,8.0,4.0,15.0,15.0,13.0,1358.6666666666667,70.0,58.333333333333336,F
447.0,GAMMA,20.0,20.0,17.0,20.0,20.0,18.0,1660.6666666666667,115.0,95.83333333333334,A
448.0,GAMMA,19.0,3.0,11.0,14.0,20.0,14.0,1436.0,81.0,67.5,D
449.0,OMEGA,16.0,8.0,18.0,17.0,18.0,19.0,1538.0,96.0,80.0,B
450.0,OMEGA,19.0,4.0,16.0,17.0,20.0,18.0,1526.6666666666667,94.0,78.33333333333333,C
451.0,OMEGA,9.0,0.0,0.0,0.0,0.0,0.0,920.0,0.0,0.0,F
452.0,OMEGA,17.0,7.0,15.0,15.0,15.0,16.0,1470.6666666666667,85.0,70.83333333333334,C
453.0,OMEGA,19.0,6.0,16.0,16.0,18.0,19.0,1532.6666666666667,94.0,78.33333333333333,C
454.0,OMEGA,20.0,20.0,20.0,20.0,20.0,19.0,1701.3333333333337,119.0,99.16666666666669,A
455.0,OMEGA,18.0,3.0,19.0,15.0,14.0,18.0,1490.0,87.0,72.5,C
456.0,OMEGA,16.0,0.0,14.0,6.0,18.0,15.0,1372.0,69.0,57.49999999999999,F
457.0,OMEGA,17.0,2.0,11.0,6.0,10.0,10.0,1287.3333333333333,56.0,46.66666666666666,F
458.0,OMEGA,16.0,12.0,13.0,4.0,15.0,17.0,1429.3333333333333,77.0,64.16666666666667,D
459.0,OMEGA,6.0,1.0,0.0,0.0,0.0,0.0,932.0,0.0,0.0,F
460.0,OMEGA,15.0,4.0,15.0,11.0,11.0,19.0,1420.0,75.0,62.5,D
461.0,OMEGA,18.0,2.0,12.0,18.0,12.0,17.0,1448.6666666666667,79.0,65.83333333333333,D
462.0,OMEGA,20.0,16.0,20.0,20.0,19.0,19.0,1684.0,114.0,95.0,A
463.0,OMEGA,20.0,17.0,20.0,20.0,20.0,19.0,1699.3333333333337,116.0,96.66666666666669,A
464.0,OMEGA,19.0,8.0,15.0,14.0,14.0,12.0,1474.6666666666667,82.0,68.33333333333333,D
465.0,OMEGA,6.0,1.0,9.0,11.0,8.0,10.0,1230.0,45.0,37.5,F
466.0,OMEGA,20.0,19.0,20.0,20.0,16.0,17.0,1678.6666666666663,112.0,93.33333333333331,A
467.0,OMEGA,19.0,13.0,20.0,18.0,20.0,16.0,1640.6666666666667,106.0,88.33333333333333,B
468.0,OMEGA,18.0,8.0,20.0,19.0,20.0,18.0,1622.6666666666667,103.0,85.83333333333333,B
469.0,OMEGA,20.0,1.0,17.0,17.0,12.0,17.0,1498.0,84.0,70.0,C
470.0,OMEGA,19.0,13.0,12.0,11.0,14.0,17.0,1513.3333333333333,86.0,71.66666666666667,C
471.0,OMEGA,19.0,6.0,20.0,13.0,20.0,17.0,1575.3333333333333,95.0,79.16666666666666,C
472.0,OMEGA,16.0,7.0,11.0,17.0,15.0,17.0,1497.3333333333333,83.0,69.16666666666667,D
473.0,OMEGA,15.0,7.0,10.0,5.0,8.0,10.0,1312.6666666666667,55.0,45.83333333333333,F
474.0,OMEGA,20.0,16.0,20.0,20.0,20.0,18.0,1708.0,114.0,95.0,A
475.0,OMEGA,20.0,18.0,20.0,19.0,20.0,18.0,1716.6666666666667,115.0,95.83333333333334,A
476.0,OMEGA,20.0,19.0,20.0,19.0,20.0,19.0,1732.0,117.0,97.5,A
477.0,OMEGA,20.0,11.0,18.0,14.0,20.0,15.0,1607.3333333333333,98.0,81.66666666666667,B
478.0,OMEGA,20.0,20.0,20.0,20.0,20.0,16.0,1729.3333333333337,116.0,96.66666666666669,A
479.0,OMEGA,5.0,2.0,11.0,0.0,10.0,0.0,1014.0,0.0,0.0,F
480.0,OMEGA,20.0,8.0,19.0,14.0,20.0,13.0,1586.6666666666667,94.0,78.33333333333333,C
481.0,OMEGA,20.0,15.0,18.0,16.0,20.0,19.0,1682.0,108.0,90.0,A
482.0,OMEGA,20.0,12.0,13.0,17.0,20.0,14.0,1604.0,96.0,80.0,B
483.0,OMEGA,15.0,7.0,14.0,16.0,16.0,16.0,1526.0,84.0,70.0,C
484.0,OMEGA,20.0,11.0,20.0,13.0,15.0,16.0,1601.3333333333333,95.0,79.16666666666666,C
485.0,OMEGA,6.0,3.0,7.0,11.0,11.0,14.0,1316.6666666666667,52.0,43.333333333333336,F
486.0,OMEGA,17.0,1.0,11.0,17.0,20.0,19.0,1538.6666666666667,85.0,70.83333333333334,C
487.0,OMEGA,15.0,7.0,18.0,15.0,16.0,15.0,1547.3333333333333,86.0,71.66666666666667,C
488.0,OMEGA,1.0,5.0,0.0,0.0,0.0,0.0,988.0,0.0,0.0,F
489.0,OMEGA,20.0,9.0,19.0,17.0,20.0,18.0,1664.6666666666667,103.0,85.83333333333333,B
490.0,OMEGA,19.0,7.0,16.0,16.0,20.0,18.0,1620.0,96.0,80.0,B
491.0,OMEGA,15.0,7.0,10.0,9.0,9.0,19.0,1442.0,69.0,57.49999999999999,F
492.0,OMEGA,12.0,3.0,2.0,8.0,7.0,12.0,1277.3333333333333,44.0,36.66666666666666,F
493.0,OMEGA,20.0,4.0,16.0,19.0,20.0,16.0,1619.3333333333333,95.0,79.16666666666666,C
494.0,OMEGA,17.0,3.0,18.0,8.0,13.0,14.0,1474.6666666666667,73.0,60.83333333333333,D
495.0,OMEGA,18.0,18.0,19.0,18.0,8.0,18.0,1650.0,99.0,82.5,B
496.0,OMEGA,0.0,0.0,0.0,0.0,0.0,0.0,992.0,0.0,0.0,F
497.0,OMEGA,19.0,12.0,12.0,12.0,11.0,15.0,1534.0,81.0,67.5,D
498.0,OMEGA,19.0,7.0,19.0,18.0,18.0,17.0,1649.3333333333333,98.0,81.66666666666667,B
499.0,OMEGA,20.0,8.0,19.0,5.0,16.0,19.0,1578.0,87.0,72.5,C
500.0,OMEGA,12.0,4.0,19.0,17.0,14.0,15.0,1540.0,81.0,67.5,D
501.0,OMEGA,17.0,3.0,14.0,11.0,19.0,17.0,1542.0,81.0,67.5,D
502.0,OMEGA,20.0,9.0,20.0,18.0,20.0,20.0,1717.3333333333333,107.0,89.16666666666667,B
503.0,OMEGA,20.0,7.0,17.0,17.0,20.0,18.0,1666.0,99.0,82.5,B
504.0,OMEGA,1.0,1.0,2.0,0.0,10.0,0.0,1036.0,0.0,0.0,F
505.0,OMEGA,15.0,14.0,11.0,16.0,13.0,15.0,1570.0,84.0,70.0,C
506.0,OMEGA,20.0,20.0,20.0,20.0,20.0,20.0,1812.0,120.0,100.0,A
507.0,OMEGA,20.0,18.0,20.0,20.0,20.0,19.0,1794.0,117.0,97.5,A
508.0,OMEGA,20.0,20.0,20.0,20.0,20.0,20.0,1816.0,120.0,100.0,A
509.0,OMEGA,11.0,4.0,2.0,2.0,8.0,10.0,1264.6666666666667,37.0,30.833333333333336,F
510.0,OMEGA,18.0,2.0,12.0,3.0,17.0,15.0,1466.6666666666667,67.0,55.833333333333336,F
511.0,OMEGA,20.0,6.0,16.0,11.0,20.0,14.0,1602.0,87.0,72.5,C
512.0,OMEGA,20.0,6.0,18.0,13.0,20.0,18.0,1657.3333333333333,95.0,79.16666666666666,C
513.0,OMEGA,20.0,20.0,5.0,19.0,18.0,14.0,1666.0,96.0,80.0,B
514.0,OMEGA,20.0,16.0,18.0,19.0,20.0,19.0,1774.6666666666663,112.0,93.33333333333331,A
515.0,OMEGA,0.0,0.0,12.0,16.0,20.0,18.0,1162.0,0.0,0.0,F
516.0,OMEGA,20.0,15.0,20.0,20.0,20.0,15.0,1765.3333333333333,110.0,91.66666666666666,A
517.0,OMEGA,12.0,1.0,7.0,5.0,8.0,12.0,1334.0,45.0,37.5,F
518.0,OMEGA,12.0,0.0,7.0,8.0,12.0,10.0,1362.6666666666667,49.0,40.833333333333336,F
519.0,OMEGA,20.0,1.0,20.0,6.0,14.0,15.0,1544.6666666666667,76.0,63.33333333333333,D
520.0,OMEGA,20.0,17.0,20.0,20.0,20.0,17.0,1800.0,114.0,95.0,A
521.0,OMEGA,14.0,1.0,6.0,0.0,0.0,0.0,1084.0,0.0,0.0,F
522.0,OMEGA,20.0,19.0,20.0,19.0,20.0,20.0,1830.6666666666663,118.0,98.33333333333331,A
523.0,OMEGA,20.0,14.0,19.0,19.0,20.0,18.0,1779.3333333333333,110.0,91.66666666666666,A
524.0,OMEGA,20.0,18.0,20.0,19.0,20.0,16.0,1801.3333333333337,113.0,94.16666666666669,A
525.0,OMEGA,9.0,1.0,6.0,6.0,10.0,13.0,1350.0,45.0,37.5,F
526.0,OMEGA,11.0,0.0,5.0,11.0,17.0,16.0,1452.0,60.0,50.0,F
527.0,OMEGA,20.0,6.0,20.0,18.0,17.0,18.0,1714.0,99.0,82.5,B
528.0,OMEGA,16.0,4.0,19.0,15.0,15.0,18.0,1636.0,87.0,72.5,C
529.0,OMEGA,19.0,7.0,20.0,11.0,13.0,18.0,1644.6666666666667,88.0,73.33333333333333,C
530.0,OMEGA,19.0,2.0,20.0,13.0,20.0,19.0,1680.0,93.0,77.5,C
531.0,OMEGA,17.0,4.0,15.0,10.0,17.0,13.0,1568.6666666666667,76.0,63.33333333333333,D
532.0,OMEGA,20.0,6.0,14.0,19.0,20.0,15.0,1690.6666666666667,94.0,78.33333333333333,C
533.0,OMEGA,20.0,12.0,20.0,19.0,20.0,17.0,1786.0,108.0,90.0,A
534.0,OMEGA,20.0,19.0,20.0,20.0,20.0,20.0,1861.3333333333333,119.0,99.16666666666669,A
535.0,OMEGA,20.0,12.0,9.0,18.0,20.0,19.0,1723.3333333333333,98.0,81.66666666666667,B
536.0,OMEGA,17.0,2.0,11.0,13.0,20.0,14.0,1585.3333333333333,77.0,64.16666666666667,D
537.0,OMEGA,15.0,4.0,12.0,17.0,18.0,16.0,1620.6666666666667,82.0,68.33333333333333,D
538.0,OMEGA,20.0,11.0,17.0,18.0,20.0,14.0,1742.6666666666667,100.0,83.33333333333334,B
539.0,SIGMA,19.0,12.0,15.0,18.0,19.0,20.0,1764.6666666666667,103.0,85.83333333333333,B
540.0,SIGMA,20.0,18.0,20.0,18.0,20.0,19.0,1846.6666666666667,115.0,95.83333333333334,A
541.0,SIGMA,19.0,14.0,20.0,17.0,18.0,16.0,1775.3333333333333,104.0,86.66666666666667,B
542.0,SIGMA,12.0,8.0,14.0,14.0,13.0,18.0,1610.6666666666667,79.0,65.83333333333333,D
543.0,SIGMA,20.0,11.0,20.0,17.0,18.0,17.0,1772.6666666666667,103.0,85.83333333333333,B
544.0,SIGMA,10.0,0.0,5.0,9.0,10.0,9.0,1374.6666666666667,43.0,35.833333333333336,F
545.0,SIGMA,14.0,8.0,18.0,7.0,15.0,20.0,1636.6666666666667,82.0,68.33333333333333,D
546.0,SIGMA,17.0,5.0,15.0,9.0,18.0,19.0,1645.3333333333333,83.0,69.16666666666667,D
547.0,SIGMA,14.0,11.0,5.0,2.0,13.0,0.0,1184.0,0.0,0.0,F
548.0,SIGMA,20.0,20.0,17.0,18.0,19.0,19.0,1849.3333333333333,113.0,94.16666666666669,A
549.0,SIGMA,19.0,11.0,14.0,17.0,15.0,16.0,1711.3333333333333,92.0,76.66666666666667,C
550.0,SIGMA,4.0,3.0,2.0,6.0,10.0,8.0,1320.0,33.0,27.500000000000004,F
551.0,SIGMA,17.0,9.0,17.0,11.0,13.0,17.0,1662.0,84.0,70.0,C
552.0,SIGMA,0.0,0.0,0.0,0.0,0.0,0.0,1104.0,0.0,0.0,F
553.0,SIGMA,20.0,19.0,20.0,20.0,13.0,18.0,1839.3333333333333,110.0,91.66666666666666,A
554.0,SIGMA,17.0,18.0,4.0,11.0,13.0,5.0,1561.3333333333333,68.0,56.66666666666666,F
555.0,SIGMA,20.0,17.0,20.0,17.0,15.0,20.0,1836.6666666666663,109.0,90.83333333333331,A
556.0,SIGMA,16.0,20.0,19.0,20.0,18.0,17.0,1845.3333333333333,110.0,91.66666666666666,A
557.0,SIGMA,0.0,0.0,0.0,0.0,0.0,0.0,1114.0,0.0,0.0,F
558.0,SIGMA,20.0,17.0,20.0,20.0,18.0,17.0,1862.6666666666663,112.0,93.33333333333331,A
559.0,SIGMA,12.0,10.0,11.0,3.0,10.0,12.0,1504.6666666666667,58.0,48.333333333333336,F
560.0,SIGMA,13.0,9.0,14.0,12.0,15.0,19.0,1666.6666666666667,82.0,68.33333333333333,D
561.0,SIGMA,18.0,13.0,11.0,11.0,10.0,11.0,1615.3333333333333,74.0,61.66666666666667,D
562.0,SIGMA,17.0,15.0,20.0,18.0,15.0,19.0,1817.3333333333333,104.0,86.66666666666667,B
563.0,SIGMA,7.0,0.0,0.0,5.0,15.0,16.0,1212.0,0.0,0.0,F
564.0,SIGMA,5.0,0.0,5.0,4.0,10.0,10.0,1354.6666666666667,34.0,28.33333333333333,F
565.0,SIGMA,0.0,0.0,0.0,0.0,0.0,0.0,1130.0,0.0,0.0,F
566.0,SIGMA,18.0,13.0,18.0,15.0,20.0,19.0,1818.6666666666667,103.0,85.83333333333333,B
567.0,SIGMA,11.0,17.0,19.0,12.0,20.0,14.0,1754.0,93.0,77.5,C
568.0,SIGMA,20.0,19.0,19.0,16.0,19.0,19.0,1882.6666666666663,112.0,93.33333333333331,A
569.0,SIGMA,17.0,13.0,18.0,18.0,20.0,19.0,1838.0,105.0,87.5,B
570.0,SIGMA,19.0,14.0,15.0,17.0,20.0,15.0,1806.6666666666667,100.0,83.33333333333334,B
571.0,SIGMA,14.0,9.0,13.0,16.0,18.0,16.0,1715.3333333333333,86.0,71.66666666666667,C
572.0,SIGMA,11.0,3.0,8.0,4.0,10.0,15.0,1484.0,51.0,42.5,F
573.0,SIGMA,14.0,1.0,14.0,10.0,20.0,17.0,1652.6666666666667,76.0,63.33333333333333,D
574.0,SIGMA,16.0,19.0,15.0,19.0,18.0,14.0,1821.3333333333333,101.0,84.16666666666667,B
575.0,SIGMA,20.0,20.0,20.0,20.0,20.0,20.0,1950.0,120.0,100.0,A
576.0,SIGMA,20.0,20.0,20.0,17.0,20.0,16.0,1905.3333333333333,113.0,94.16666666666669,A
577.0,SIGMA,16.0,14.0,19.0,15.0,18.0,18.0,1820.6666666666667,100.0,83.33333333333334,B
578.0,SIGMA,20.0,20.0,17.0,16.0,20.0,20.0,1909.3333333333333,113.0,94.16666666666669,A
579.0,SIGMA,16.0,11.0,13.0,8.0,20.0,11.0,1684.6666666666667,79.0,65.83333333333333,D
580.0,SIGMA,14.0,4.0,11.0,10.0,13.0,0.0,1264.0,0.0,0.0,F
581.0,SIGMA,12.0,2.0,9.0,13.0,20.0,17.0,1648.6666666666667,73.0,60.83333333333333,D
582.0,SIGMA,15.0,5.0,14.0,4.0,13.0,16.0,1610.6666666666667,67.0,55.833333333333336,F
583.0,SIGMA,20.0,16.0,15.0,18.0,15.0,18.0,1846.0,102.0,85.0,B
584.0,SIGMA,19.0,20.0,18.0,17.0,20.0,15.0,1894.6666666666663,109.0,90.83333333333331,A
585.0,SIGMA,18.0,15.0,14.0,13.0,19.0,14.0,1790.0,93.0,77.5,C
586.0,SIGMA,19.0,7.0,11.0,12.0,15.0,13.0,1685.3333333333333,77.0,64.16666666666667,D
587.0,SIGMA,20.0,17.0,20.0,15.0,18.0,18.0,1894.0,108.0,90.0,A
588.0,SIGMA,19.0,19.0,12.0,8.0,13.0,19.0,1776.0,90.0,75.0,C
589.0,SIGMA,20.0,20.0,20.0,20.0,20.0,18.0,1964.6666666666663,118.0,98.33333333333331,A
590.0,SIGMA,20.0,17.0,20.0,18.0,20.0,18.0,1933.3333333333333,113.0,94.16666666666669,A
591.0,SIGMA,20.0,15.0,17.0,13.0,20.0,17.0,1862.0,102.0,85.0,B
592.0,SIGMA,17.0,20.0,16.0,16.0,20.0,19.0,1904.0,108.0,90.0,A
593.0,SIGMA,20.0,18.0,19.0,14.0,19.0,16.0,1892.6666666666667,106.0,88.33333333333333,B
594.0,SIGMA,15.0,6.0,9.0,3.0,18.0,15.0,1628.0,66.0,55.00000000000001,F
595.0,SIGMA,20.0,17.0,18.0,20.0,19.0,20.0,1950.0,114.0,95.0,A
596.0,SIGMA,17.0,14.0,16.0,18.0,20.0,18.0,1878.6666666666667,103.0,85.83333333333333,B
597.0,SIGMA,20.0,20.0,20.0,20.0,20.0,20.0,1994.0,120.0,100.0,A
598.0,SIGMA,20.0,20.0,20.0,19.0,19.0,18.0,1969.3333333333333,116.0,96.66666666666669,A
599.0,SIGMA,20.0,20.0,17.0,17.0,19.0,18.0,1938.0,111.0,92.5,A
600.0,SIGMA,14.0,12.0,11.0,9.0,18.0,17.0,1740.0,81.0,67.5,D
601.0,SIGMA,20.0,19.0,20.0,18.0,18.0,19.0,1962.0,114.0,95.0,A
0.0,0,0.0,0.0,0.0,0.0,0.0,0.0,0.0,0.0,0.0,F
0.0,0,20.0,19.0,16.0,15.0,13.0,18.0,673.3333333333334,101.0,84.16666666666667,B
0.0,0,12.0,3.0,10.0,6.0,10.0,19.0,400.0,60.0,50.0,F
0.0,0,20.0,9.0,15.0,17.0,15.0,20.0,640.0,96.0,80.0,B
0.0,0,11.0,18.0,19.0,15.0,19.0,16.0,653.3333333333334,98.0,81.66666666666667,B
0.0,0,20.0,20.0,17.0,16.0,18.0,19.0,733.3333333333333,110.0,91.66666666666666,A
0.0,0,20.0,19.0,18.0,15.0,18.0,20.0,733.3333333333333,110.0,91.66666666666666,A
0.0,0,16.0,20.0,17.0,16.0,18.0,18.0,700.0,105.0,87.5,B
0.0,0,15.0,13.0,15.0,7.0,18.0,17.0,566.6666666666667,85.0,70.83333333333334,C
0.0,0,10.0,10.0,11.0,2.0,10.0,5.0,320.0,48.0,40.0,F
0.0,0,2.0,0.0,0.0,3.0,10.0,9.0,160.0,24.0,20.0,F
0.0,0,18.0,8.0,9.0,8.0,13.0,16.0,480.0,72.0,60.0,D
0.0,0,20.0,20.0,19.0,20.0,20.0,20.0,793.3333333333335,119.0,99.16666666666669,A
0.0,0,20.0,19.0,17.0,18.0,20.0,19.0,753.3333333333335,113.0,94.16666666666669,A
0.0,0,20.0,20.0,17.0,16.0,18.0,18.0,726.6666666666665,109.0,90.83333333333331,A
0.0,0,15.0,18.0,9.0,0.0,15.0,11.0,136.0,0.0,0.0,F
0.0,0,12.0,12.0,15.0,14.0,13.0,11.0,513.3333333333334,77.0,64.16666666666667,D
0.0,0,20.0,20.0,20.0,20.0,20.0,19.0,793.3333333333335,119.0,99.16666666666669,A
0.0,0,14.0,6.0,17.0,14.0,10.0,18.0,526.6666666666666,79.0,65.83333333333333,D
0.0,0,19.0,8.0,19.0,13.0,18.0,20.0,646.6666666666666,97.0,80.83333333333333,B
0.0,0,20.0,20.0,20.0,16.0,18.0,17.0,740.0,111.0,92.5,A
0.0,0,16.0,3.0,11.0,17.0,15.0,16.0,520.0,78.0,65.0,D
0.0,0,18.0,20.0,17.0,18.0,15.0,20.0,720.0,108.0,90.0,A
0.0,0,18.0,15.0,12.0,13.0,18.0,16.0,613.3333333333334,92.0,76.66666666666667,C
0.0,0,19.0,3.0,18.0,15.0,15.0,17.0,580.0,87.0,72.5,C
0.0,0,17.0,20.0,16.0,19.0,18.0,18.0,720.0,108.0,90.0,A
0.0,0,15.0,1.0,11.0,8.0,13.0,17.0,433.33333333333326,65.0,54.16666666666666,F
0.0,ZETA,17.0,3.0,8.0,16.0,15.0,0.0,118.0,0.0,0.0,F
0.0,ZETA,16.0,1.0,6.0,16.0,14.0,12.0,433.33333333333326,65.0,54.16666666666666,F
0.0,ZETA,15.0,20.0,14.0,19.0,20.0,17.0,700.0,105.0,87.5,B
0.0,ZETA,14.0,4.0,9.0,16.0,19.0,15.0,513.3333333333334,77.0,64.16666666666667,D
0.0,ZETA,19.0,14.0,16.0,15.0,20.0,16.0,666.6666666666667,100.0,83.33333333333334,B
0.0,ZETA,20.0,6.0,7.0,9.0,16.0,19.0,513.3333333333334,77.0,64.16666666666667,D
0.0,ZETA,14.0,3.0,9.0,13.0,15.0,9.0,420.0,63.0,52.5,F
0.0,ZETA,9.0,0.0,2.0,2.0,3.0,9.0,166.66666666666669,25.0,20.833333333333336,F
0.0,ZETA,9.0,0.0,5.0,3.0,4.0,5.0,173.33333333333334,26.0,21.666666666666668,F
0.0,ZETA,12.0,0.0,2.0,4.0,4.0,9.0,206.66666666666669,31.0,25.833333333333336,F
0.0,ZETA,11.0,0.0,3.0,4.0,4.0,7.0,193.3333333333333,29.0,24.166666666666668,F
0.0,ZETA,16.0,10.0,10.0,13.0,15.0,17.0,540.0,81.0,67.5,D
0.0,ZETA,17.0,15.0,14.0,20.0,19.0,16.0,673.3333333333334,101.0,84.16666666666667,B
0.0,ZETA,19.0,19.0,12.0,17.0,20.0,16.0,686.6666666666666,103.0,85.83333333333333,B
0.0,ZETA,16.0,15.0,8.0,19.0,18.0,14.0,600.0,90.0,75.0,C
0.0,ZETA,12.0,3.0,3.0,9.0,6.0,12.0,300.0,45.0,37.5,F
0.0,ZETA,12.0,1.0,5.0,8.0,1.0,8.0,233.3333333333333,35.0,29.166666666666668,F
0.0,ZETA,17.0,0.0,7.0,12.0,7.0,10.0,353.33333333333326,53.0,44.16666666666666,F
0.0,ZETA,16.0,1.0,2.0,9.0,12.0,15.0,366.6666666666666,55.0,45.83333333333333,F
0.0,ZETA,18.0,16.0,12.0,20.0,20.0,17.0,686.6666666666666,103.0,85.83333333333333,B
0.0,ZETA,20.0,20.0,11.0,20.0,20.0,19.0,733.3333333333333,110.0,91.66666666666666,A
0.0,ZETA,11.0,0.0,7.0,9.0,12.0,8.0,313.33333333333326,47.0,39.16666666666666,F
0.0,ZETA,0.0,0.0,0.0,0.0,0.0,0.0,0.0,0.0,0.0,F
0.0,ZETA,14.0,0.0,11.0,8.0,8.0,11.0,346.6666666666667,52.0,43.333333333333336,F
0.0,ZETA,17.0,16.0,13.0,20.0,19.0,17.0,680.0,102.0,85.0,B
0.0,ZETA,20.0,20.0,16.0,20.0,20.0,18.0,760.0,114.0,95.0,A
0.0,ZETA,18.0,3.0,7.0,18.0,20.0,18.0,560.0,84.0,70.0,C
0.0,ZETA,19.0,3.0,5.0,10.0,19.0,13.0,460.0,69.0,57.49999999999999,F
0.0,ZETA,18.0,7.0,7.0,16.0,6.0,13.0,446.6666666666666,67.0,55.833333333333336,F
0.0,ZETA,17.0,4.0,11.0,16.0,20.0,18.0,573.3333333333334,86.0,71.66666666666667,C
0.0,ZETA,14.0,2.0,5.0,11.0,10.0,11.0,353.33333333333326,53.0,44.16666666666666,F
0.0,ZETA,19.0,6.0,15.0,17.0,20.0,18.0,633.3333333333333,95.0,79.16666666666666,C
0.0,ZETA,13.0,2.0,8.0,18.0,20.0,17.0,520.0,78.0,65.0,D
0.0,ZETA,18.0,13.0,11.0,12.0,19.0,14.0,580.0,87.0,72.5,C
0.0,ZETA,16.0,10.0,14.0,20.0,20.0,16.0,640.0,96.0,80.0,B
0.0,ZETA,9.0,3.0,6.0,9.0,15.0,8.0,333.33333333333337,50.0,41.66666666666667,F
0.0,ZETA,15.0,12.0,15.0,14.0,17.0,9.0,546.6666666666666,82.0,68.33333333333333,D
0.0,ZETA,11.0,5.0,5.0,12.0,9.0,14.0,373.33333333333326,56.0,46.66666666666666,F
0.0,ZETA,18.0,16.0,12.0,20.0,20.0,19.0,700.0,105.0,87.5,B
0.0,ZETA,15.0,1.0,11.0,16.0,13.0,15.0,473.33333333333326,71.0,59.16666666666666,F
0.0,ZETA,17.0,19.0,17.0,18.0,20.0,18.0,726.6666666666665,109.0,90.83333333333331,A
0.0,ZETA,16.0,6.0,0.0,0.0,8.0,9.0,78.0,0.0,0.0,F
0.0,ZETA,15.0,8.0,16.0,19.0,20.0,16.0,626.6666666666666,94.0,78.33333333333333,C
0.0,ZETA,16.0,6.0,11.0,13.0,14.0,13.0,486.6666666666666,73.0,60.83333333333333,D
0.0,ZETA,11.0,6.0,10.0,17.0,12.0,10.0,440.0,66.0,55.00000000000001,F
0.0,ZETA,2.0,0.0,0.0,0.0,2.0,1.0,10.0,0.0,0.0,F
0.0,ZETA,14.0,20.0,7.0,19.0,11.0,12.0,553.3333333333334,83.0,69.16666666666667,D
0.0,ZETA,16.0,2.0,9.0,17.0,17.0,14.0,500.0,75.0,62.5,D
0.0,ZETA,19.0,20.0,11.0,19.0,20.0,17.0,706.6666666666666,106.0,88.33333333333333,B
0.0,ZETA,18.0,8.0,10.0,19.0,20.0,17.0,613.3333333333334,92.0,76.66666666666667,C
0.0,ZETA,9.0,5.0,9.0,13.0,14.0,12.0,413.33333333333337,62.0,51.66666666666667,F
0.0,ZETA,11.0,0.0,8.0,4.0,1.0,11.0,233.3333333333333,35.0,29.166666666666668,F
0.0,ZETA,11.0,13.0,8.0,9.0,15.0,9.0,433.33333333333326,65.0,54.16666666666666,F
0.0,ZETA,17.0,1.0,10.0,16.0,11.0,9.0,426.6666666666667,64.0,53.333333333333336,F
0.0,ZETA,19.0,3.0,8.0,17.0,20.0,15.0,546.6666666666666,82.0,68.33333333333333,D
0.0,ZETA,17.0,5.0,7.0,18.0,12.0,15.0,493.33333333333337,74.0,61.66666666666667,D
0.0,ZETA,15.0,8.0,7.0,15.0,19.0,17.0,540.0,81.0,67.5,D
0.0,ZETA,5.0,1.0,4.0,15.0,1.0,6.0,213.3333333333333,32.0,26.666666666666668,F
0.0,ZETA,13.0,9.0,9.0,15.0,14.0,16.0,506.6666666666666,76.0,63.33333333333333,D
0.0,ZETA,17.0,11.0,16.0,16.0,16.0,12.0,586.6666666666666,88.0,73.33333333333333,C
0.0,ZETA,16.0,1.0,8.0,20.0,13.0,13.0,473.33333333333326,71.0,59.16666666666666,F
0.0,ZETA,6.0,3.0,4.0,9.0,10.0,15.0,313.33333333333326,47.0,39.16666666666666,F
0.0,ZETA,18.0,6.0,7.0,15.0,19.0,18.0,553.3333333333334,83.0,69.16666666666667,D
0.0,ZETA,15.0,3.0,9.0,16.0,16.0,18.0,513.3333333333334,77.0,64.16666666666667,D
0.0,ZETA,20.0,15.0,17.0,18.0,20.0,17.0,713.3333333333334,107.0,89.16666666666667,B
0.0,ZETA,20.0,1.0,8.0,20.0,18.0,18.0,566.6666666666667,85.0,70.83333333333334,C
0.0,ZETA,20.0,19.0,14.0,20.0,20.0,19.0,746.6666666666665,112.0,93.33333333333331,A
0.0,ZETA,15.0,8.0,15.0,17.0,20.0,19.0,626.6666666666666,94.0,78.33333333333333,C
0.0,ZETA,16.0,7.0,14.0,17.0,19.0,18.0,606.6666666666666,91.0,75.83333333333333,C
0.0,ZETA,18.0,15.0,15.0,20.0,20.0,19.0,713.3333333333334,107.0,89.16666666666667,B
0.0,ZETA,18.0,17.0,15.0,16.0,20.0,16.0,680.0,102.0,85.0,B
0.0,ZETA,16.0,11.0,8.0,18.0,19.0,16.0,586.6666666666666,88.0,73.33333333333333,C
0.0,ZETA,17.0,7.0,7.0,12.0,13.0,9.0,433.33333333333326,65.0,54.16666666666666,F
0.0,ZETA,15.0,4.0,3.0,13.0,14.0,13.0,413.33333333333337,62.0,51.66666666666667,F
0.0,ZETA,15.0,8.0,6.0,18.0,17.0,15.0,526.6666666666666,79.0,65.83333333333333,D
0.0,ZETA,16.0,6.0,15.0,17.0,20.0,16.0,600.0,90.0,75.0,C
0.0,ZETA,18.0,7.0,14.0,19.0,16.0,18.0,613.3333333333334,92.0,76.66666666666667,C
0.0,ZETA,16.0,0.0,11.0,16.0,20.0,0.0,126.0,0.0,0.0,F
0.0,ZETA,16.0,8.0,8.0,18.0,19.0,17.0,573.3333333333334,86.0,71.66666666666667,C
0.0,ZETA,16.0,8.0,11.0,19.0,15.0,17.0,573.3333333333334,86.0,71.66666666666667,C
0.0,ZETA,18.0,1.0,10.0,19.0,16.0,16.0,533.3333333333333,80.0,66.66666666666666,D
0.0,ZETA,19.0,17.0,12.0,17.0,20.0,16.0,673.3333333333334,101.0,84.16666666666667,B
0.0,ZETA,18.0,1.0,6.0,12.0,11.0,9.0,380.0,57.0,47.5,F
0.0,ZETA,18.0,9.0,12.0,20.0,16.0,16.0,606.6666666666666,91.0,75.83333333333333,C
0.0,ZETA,15.0,10.0,7.0,18.0,18.0,16.0,560.0,84.0,70.0,C
0.0,ZETA,19.0,8.0,8.0,19.0,17.0,18.0,593.3333333333334,89.0,74.16666666666667,C
0.0,ZETA,12.0,1.0,7.0,10.0,20.0,8.0,386.6666666666667,58.0,48.333333333333336,F
0.0,ZETA,17.0,6.0,14.0,14.0,17.0,18.0,573.3333333333334,86.0,71.66666666666667,C
0.0,ZETA,12.0,1.0,6.0,7.0,15.0,12.0,353.33333333333326,53.0,44.16666666666666,F
0.0,ZETA,19.0,14.0,17.0,16.0,20.0,19.0,700.0,105.0,87.5,B
